,city_normalized,active_licenses,license_diversity,avg_capacity,vibrancy_score
0,Boston,268,15,472.55970149253733,345.25597014925376
1,Dorchester,89,14,64.53932584269663,123.45393258426967
2,Jamaica Plain,35,11,41.4,61.14
3,Mission Hill,43,9,69.53488372093024,67.95348837209302
4,Roxbury,161,17,30.950310559006212,198.09503105590062
