,city_normalized,active_licenses,license_diversity,avg_capacity,vibrancy_score
0,Boston,94,10,1156.7021276595744,229.67021276595744
1,Dorchester,27,8,95.66666666666667,52.56666666666666
2,Jamaica Plain,14,7,54.857142857142854,33.48571428571429
3,Mission Hill,10,6,74.0,29.4
4,Roxbury,62,14,45.24193548387097,94.5241935483871
